"Column Name","Label"
"GEO_ID","Geography"
"NAME","Label for GEO_ID"
"H009001","Total races tallied for householders"
"H009002","Total races tallied for householders!!Total races tallied for Not Hispanic or Latino householders"
"H009003","Total races tallied for householders!!Total races tallied for Not Hispanic or Latino householders!!White alone or in combination with one or more other races"
"H009004","Total races tallied for householders!!Total races tallied for Not Hispanic or Latino householders!!Black or African American alone or in combination with one or more other races"
"H009005","Total races tallied for householders!!Total races tallied for Not Hispanic or Latino householders!!American Indian and Alaska Native alone or in combination with one or more other races"
"H009006","Total races tallied for householders!!Total races tallied for Not Hispanic or Latino householders!!Asian alone or in combination with one or more other races"
"H009007","Total races tallied for householders!!Total races tallied for Not Hispanic or Latino householders!!Native Hawaiian and Other Pacific Islander alone or in combination with one or more other races"
"H009008","Total races tallied for householders!!Total races tallied for Not Hispanic or Latino householders!!Some other race alone or in combination with one or more other races"
"H009009","Total races tallied for householders!!Total races tallied for Hispanic or Latino householders"
"H009010","Total races tallied for householders!!Total races tallied for Hispanic or Latino householders!!White alone or in combination with one or more other races"
"H009011","Total races tallied for householders!!Total races tallied for Hispanic or Latino householders!!Black or African American alone or in combination with one or more other races"
"H009012","Total races tallied for householders!!Total races tallied for Hispanic or Latino householders!!American Indian and Alaska Native alone or in combination with one or more other races"
"H009013","Total races tallied for householders!!Total races tallied for Hispanic or Latino householders!!Asian alone or in combination with one or more other races"
"H009014","Total races tallied for householders!!Total races tallied for Hispanic or Latino householders!!Native Hawaiian and Other Pacific Islander alone or in combination with one or more other races"
"H009015","Total races tallied for householders!!Total races tallied for Hispanic or Latino householders!!Some other race alone or in combination with one or more other races"
